loan_amount,interest_rate,loan_term,credit_score,annual_income,employment_length,debt_to_income_ratio,loan_id_L10,loan_id_L2,loan_id_L3,loan_id_L4,loan_id_L5,loan_id_L6,loan_id_L7,loan_id_L8,loan_id_L9,loan_purpose_Y
-1.4516307795715484,-1.5254153891648017,-1.0834726777719226,0.22721188130407297,-0.8743717709783363,-0.126660099276225,0.1315903389919539,False,False,False,False,False,False,False,False,False,True
-0.334991718362665,-0.2691909510290818,0.12038585308576948,-0.7826187022695846,-1.3115576564675044,-0.9710607611177231,1.7764695763913765,False,True,False,False,False,False,False,False,False,False
0.7816473428462183,1.166494121126026,1.3242443839434614,0.9845848189843162,0.8743717709783363,0.7177405625652731,-0.8553372034476996,False,False,True,False,False,False,False,False,False,True
-1.004975155087995,-0.9870334871066365,-1.0834726777719226,-1.5399916399498277,-1.0492461251740035,-1.393261092038472,1.1185178814316075,False,False,False,True,False,False,False,False,False,True
0.334991718362665,0.2691909510290834,0.12038585308576948,-0.2777034104827558,0.43718588548916815,-0.126660099276225,-0.1973855084879306,False,False,False,False,True,False,False,False,False,True
1.8982864040551017,1.5254153891648032,1.3242443839434614,1.7419577566645592,1.7487435419566726,1.98434155532752,-1.184313050927584,False,False,False,False,False,True,False,False,False,True
-0.7816473428462183,-0.807572853087247,-1.0834726777719226,-0.5301610563761702,-0.699497416782669,-0.5488604301969741,0.46056618647183845,False,False,False,False,False,False,True,False,False,False
-0.11166390612088833,-0.08973031700969393,0.12038585308576948,-0.02524576458934144,0.0,0.29554023164452403,-0.5263613559678151,False,False,False,False,False,False,False,True,False,True
1.2283029673297716,1.3459547551454139,1.3242443839434614,1.2370424648777305,1.3115576564675044,1.139940893486022,-1.5132888984074686,False,False,False,False,False,False,False,False,True,True
-0.5583195306044416,-0.6281122190678592,-1.0834726777719226,-1.035076348162999,-0.43718588548916815,-0.9710607611177231,0.789542033951723,True,False,False,False,False,False,False,False,False,False
